{"cameraMode":{"drawMode":0,"name":"Shaded","section":"Shading Mode"},"sceneLighting":true,"audioPlay":false,"sceneViewState":{"showFog":true,"showMaterialUpdate":false,"showSkybox":true,"showFlares":true,"showImageEffects":true,"showParticleSystems":true},"in2DMode":false,"pivot":{"x":479.6427917480469,"y":14.121818542480469,"z":633.6287231445313},"rotation":{"x":-0.0383213646709919,"y":0.960871160030365,"z":-0.19509702920913697,"w":-0.19354642927646638},"size":18.54989242553711,"orthographic":false}