{"cameraMode":{"drawMode":0,"name":"Shaded","section":"Shading Mode"},"sceneLighting":true,"audioPlay":false,"sceneViewState":{"showFog":true,"showMaterialUpdate":false,"showSkybox":true,"showFlares":true,"showImageEffects":true,"showParticleSystems":true},"in2DMode":false,"pivot":{"x":474.03277587890627,"y":-6.999458312988281,"z":638.6226196289063},"rotation":{"x":-0.11077802628278732,"y":0.8858785629272461,"z":-0.2808332145214081,"w":-0.3526662588119507},"size":24.302751541137697,"orthographic":false}